-- ============================================================
-- db3.sql — 测试数据（覆盖全部 15 张表）
-- 用途: 插入样例用户、知识点（电力方向）、资源、路径、
--       测评、问答、资讯、进度、收藏、日志等初始数据
-- ============================================================

USE elipow;

-- 密码均为 "123456" 的 BCrypt 哈希
INSERT INTO `user` (id, email, password, nickname, role) VALUES
(1, 'zhangsan@test.com', '$2a$10$N9qo8uLOickgx2ZMRZoMyeIjZAgcfl7p92ldGxad68LJZdL17lhWy', '张三', 'STUDENT'),
(2, 'lisi@test.com',     '$2a$10$N9qo8uLOickgx2ZMRZoMyeIjZAgcfl7p92ldGxad68LJZdL17lhWy', '李四', 'STUDENT'),
(3, 'admin@elipow.com',  '$2a$10$N9qo8uLOickgx2ZMRZoMyeIjZAgcfl7p92ldGxad68LJZdL17lhWy', '管理员', 'ADMIN');

INSERT INTO `user_profile` (user_id, grade, major, target, ability_level, weak_knowledge, completed) VALUES
(1, '大三', '电力系统及其自动化', '考研', 'INTERMEDIATE', '["电力系统故障分析", "电机学"]', 1),
(2, '大二', '新能源科学与工程', '就业', 'BEGINNER', '["电路分析", "电磁场"]', 1);

-- ============================================================
-- 知识点（电力方向，三级层级）
-- ============================================================

INSERT INTO `knowledge_point` (id, name, description, parent_id, sort_order, estimated_hours) VALUES
-- 一级课程 (3h)
(1,  '电路分析',          '电路基本理论与分析方法', NULL, 1, 3.0),
(2,  '电磁场',            '电磁场基本理论', NULL, 2, 3.0),
(3,  '电力系统分析',      '电力系统稳态与暂态分析', NULL, 3, 3.0),
(4,  '电机学',            '电机原理与运行特性', NULL, 4, 3.0),
(5,  '继电保护',          '电力系统继电保护原理', NULL, 5, 3.0),
-- 二级章节 (1.5h)
(11, '基尔霍夫定律',      'KCL / KVL 基本定律', 1, 1, 1.5),
(12, '叠加定理与戴维南定理', '线性电路分析方法', 1, 2, 1.5),
(13, '正弦稳态分析',      '相量法 / 阻抗 / 功率', 1, 3, 1.5),
(21, '静电场',            '库仑定律 / 高斯定理 / 电位', 2, 1, 1.5),
(22, '恒定磁场',          '安培环路定律 / 磁路', 2, 2, 1.5),
(23, '电磁感应',          '法拉第定律 / 电感 / 互感', 2, 3, 1.5),
(31, '电力系统稳态分析',  '潮流计算 / 调压 / 调频', 3, 1, 1.5),
(32, '电力系统故障分析',  '对称故障 / 不对称故障 / 短路计算', 3, 2, 1.5),
(33, '电力系统稳定',      '功角稳定 / 电压稳定 / 频率稳定', 3, 3, 1.5),
(41, '变压器',            '工作原理 / 等效电路 / 运行特性', 4, 1, 1.5),
(42, '异步电机',          '工作原理 / 等效电路 / 起动与调速', 4, 2, 1.5),
(43, '同步电机',          '工作原理 / 功角特性 / 励磁调节', 4, 3, 1.5),
(51, '电流保护',          '三段式电流保护原理', 5, 1, 1.5),
(52, '距离保护',          '阻抗继电器 / 距离特性', 5, 2, 1.5),
(53, '差动保护',          '变压器差动 / 母线差动', 5, 3, 1.5),
-- 三级知识点 (0.5h)
(111, 'KCL 方程列写',     '节点电流方程', 11, 1, 0.5),
(112, 'KVL 方程列写',     '回路电压方程', 11, 2, 0.5),
(311, '牛顿-拉夫逊潮流计算', 'NR 法潮流求解', 31, 1, 0.5),
(312, 'PQ 分解法',        '快速解耦潮流', 31, 2, 0.5);

-- ============================================================
-- 学习资源
-- ============================================================

INSERT INTO `resource` (id, title, description, resource_type, url, difficulty, source, view_count) VALUES
(1, '电路分析基础（视频）', '大学慕课：电路分析入门',  'VIDEO',    'https://www.bilibili.com/video/BV1xxx', 'BEGINNER',     'B站', 1200),
(2, '基尔霍夫定律详解（文档）', 'KCL/KVL 原理与例题',    'DOCUMENT', NULL,                                        'BEGINNER',     '自编', 850),
(3, '电力系统稳态分析（教材）', '何仰赞《电力系统分析》',   'BOOK',     NULL,                                        'INTERMEDIATE', '华中科技大学出版社', 2300),
(4, '对称分量法（习题）',   '对称分量法专项练习',       'EXERCISE', NULL,                                        'INTERMEDIATE', '自编', 450),
(5, '变压器差动保护案例',   '某 220kV 变电站保护动作分析', 'CASE',    NULL,                                        'ADVANCED',     '国网案例库', 320),
(6, '电磁场数值计算（论文）', '有限元法在电场分析中的应用', 'ARTICLE',  NULL,                                        'ADVANCED',     '中国电机工程学报', 180);

INSERT INTO `resource_tag` (resource_id, tag) VALUES
(1, '入门'), (1, '电路'), (2, 'KCL'), (2, 'KVL'), (2, '基础'),
(3, '稳态'), (3, '潮流'), (4, '对称分量'), (4, '故障'),
(5, '继电保护'), (5, '差动'), (6, '电磁场'), (6, '数值计算');

INSERT INTO `resource_knowledge` (resource_id, knowledge_point_id) VALUES
(1, 1),   -- 电路分析基础 -> 电路分析
(2, 11),  -- KCL/KVL -> 基尔霍夫定律
(3, 31),  -- 稳态分析教材 -> 电力系统稳态分析
(4, 32),  -- 对称分量法 -> 故障分析
(5, 53),  -- 变压器差动 -> 差动保护
(6, 21);  -- 电磁场数值计算 -> 静电场

-- ============================================================
-- 学习路径
-- ============================================================

INSERT INTO `learning_path` (user_id, stage, stage_name, description, sort_order, status) VALUES
(1, 'BASIC',     '电路基础',   '掌握 KCL/KVL、叠加定理等基本电路分析方法', 1, 'COMPLETED'),
(1, 'STEADY',    '稳态分析',   '学习潮流计算、调压调频',                    2, 'ACTIVE'),
(1, 'FAULT',     '故障分析',   '对称故障与不对称故障计算',                  3, 'LOCKED'),
(1, 'PROTECT',   '继电保护',   '电流保护、距离保护、差动保护',              4, 'LOCKED');

INSERT INTO `learning_path_recommendation` (user_id, current_stage, next_steps, weekly_plan, is_active) VALUES
(1, 'STEADY',
 '["完成牛顿-拉夫逊潮流计算学习", "做 3 道潮流计算例题", "阅读教材第 4 章"]',
 '{"week1": "牛顿-拉夫逊法原理", "week2": "PQ 分解法", "week3": "调压计算"}',
 1);

-- ============================================================
-- 测评记录
-- ============================================================

INSERT INTO `assessment` (user_id, title, score, level, detail, status, started_at, submitted_at) VALUES
(1, '电路基础摸底测试', 85.00, 'INTERMEDIATE',
 '{"questions": 10, "correct": 8, "weak_points": ["叠加定理应用", "戴维南等效"]}',
 'COMPLETED', '2026-06-01 10:00:00', '2026-06-01 11:30:00'),
(1, '稳态分析阶段测试', NULL, NULL, NULL,
 'PENDING',   '2026-06-15 14:00:00', NULL),
(2, '电路基础摸底测试', 62.00, 'BEGINNER',
 '{"questions": 10, "correct": 6, "weak_points": ["KVL", "相量法"]}',
 'COMPLETED', '2026-06-05 09:00:00', '2026-06-05 10:20:00');

-- ============================================================
-- 问答记录
-- ============================================================

INSERT INTO `qa_record` (user_id, question, answer, sources, satisfied) VALUES
(1, 'KCL 和 KVL 的本质区别是什么？',
 'KCL 基于电荷守恒，适用于节点；KVL 基于能量守恒，适用于回路。',
 '["电路分析基础（视频）", "基尔霍夫定律详解（文档）"]', 1),
(1, '潮流计算中 PV 节点和 PQ 节点有什么区别？',
 'PV 节点已知有功 P 和电压幅值 V，PQ 节点已知有功 P 和无功 Q。平衡节点已知 V 和角度 δ。',
 '["电力系统稳态分析（教材）"]', NULL);

-- ============================================================
-- 行业资讯
-- ============================================================

INSERT INTO `news` (id, title, summary, content, url, category, source, publish_at) VALUES
(1, '国家电网发布 2026 年新型电力系统建设规划',
 '计划投资超 6000 亿元，重点推进特高压和配电网智能化。',
 '2026 年国家电网将加大新型电力系统建设投入……（完整内容略）',
 'https://www.sgcc.com.cn/news/2026/xxx', '行业动态', '国家电网官网', '2026-06-10 08:00:00'),
(2, 'IEEE 标准协会发布微电网保护新标准',
 '新标准 IEEE 2030.11 针对分布式电源接入后的保护配置。',
 'IEEE 标准协会于 2026 年 5 月正式发布……（完整内容略）',
 'https://standards.ieee.org/2030-11', '技术标准', 'IEEE SA', '2026-05-20 00:00:00');

INSERT INTO `news_tag` (news_id, tag) VALUES
(1, '新型电力系统'), (1, '特高压'), (1, '配电网'),
(2, '微电网'), (2, '继电保护'), (2, 'IEEE');

-- ============================================================
-- 学习进度（用户 1 已学部分，用户 2 刚开始）
-- ============================================================

INSERT INTO `learning_progress` (user_id, knowledge_point_id, status, completed_at) VALUES
(1, 11,  'COMPLETED',  '2026-06-02 15:00:00'),   -- 基尔霍夫定律
(1, 111, 'COMPLETED',  '2026-06-02 14:00:00'),   -- KCL 方程
(1, 112, 'COMPLETED',  '2026-06-02 15:00:00'),   -- KVL 方程
(1, 12,  'COMPLETED',  '2026-06-05 10:00:00'),   -- 叠加定理
(1, 13,  'COMPLETED',  '2026-06-10 16:00:00'),   -- 正弦稳态
(1, 31,  'IN_PROGRESS', NULL),                    -- 稳态分析（学习中）
(1, 311, 'IN_PROGRESS', NULL),
(2, 11,  'COMPLETED',  '2026-06-06 11:00:00'),   -- 基尔霍夫定律
(2, 111, 'COMPLETED',  '2026-06-06 10:00:00');   -- KCL 方程

-- ============================================================
-- 用户行为日志
-- ============================================================

INSERT INTO `user_action_log` (user_id, action_type, target_type, target_id, detail) VALUES
(1, 'VIEW_RESOURCE',    'resource',  1, '{"duration": 1200}'),
(1, 'VIEW_RESOURCE',    'resource',  2, '{"duration": 600}'),
(1, 'COMPLETE_EXERCISE','resource',  4, '{"score": 80}'),
(1, 'ASK_QUESTION',     'qa',        1, NULL),
(2, 'VIEW_RESOURCE',    'resource',  1, '{"duration": 300}'),
(2, 'VIEW_RESOURCE',    'resource',  2, '{"duration": 900}');

-- ============================================================
-- 资源收藏
-- ============================================================

INSERT INTO `user_favorite` (user_id, resource_id) VALUES
(1, 1),
(1, 3),
(2, 2);
